user00001,profile33331,movie55551
user00001,profile33331,movie55553
user00001,profile33331,movie55555
user00002,profile33332,movie55551
user00002,profile33332,movie55552
user00002,profile33332,movie55553
user00002,profile33332,movie55554
user00002,profile33332,movie55555
user00003,profile33333,movie55551
user00003,profile33333,movie55552
user00003,profile33333,movie55553
user00004,profile33334,movie55555
user00004,profile33334,movie55551
user00005,profile33335,movie55552
user00005,profile33335,movie55553
user00006,profile33336,movie55554
user00007,profile33337,movie55555
user00008,profile33338,movie55552
user00008,profile33338,movie55554
user00009,profile33339,movie55553
user00009,profile33339,movie55554
user00009,profile33339,movie55555
user00010,profile33340,movie55552
user00010,profile33340,movie55553
user00011,profile33341,movie55552
user00012,profile33342,movie55553
user00012,profile33342,movie55554
user00012,profile33342,movie55555
user00013,profile33343,movie55551
user00013,profile33343,movie55552
user00014,profile33344,movie55551
user00014,profile33344,movie55552
user00014,profile33344,movie55553
user00014,profile33344,movie55554
user00014,profile33344,movie55555
user00015,profile33345,movie55551
user00015,profile33345,movie55553
user00015,profile33345,movie55555