user00001,profile33331,series66661
user00002,profile33332,series66661
user00002,profile33332,series66662
user00002,profile33332,series66663
user00003,profile33333,series66661
user00003,profile33333,series66662
user00003,profile33333,series66663
user00003,profile33333,series66664
user00003,profile33333,series66665
user00004,profile33334,series66663
user00004,profile33334,series66664
user00005,profile33335,series66662
user00005,profile33335,series66663
user00005,profile33335,series66664
user00006,profile33336,series66665
user00007,profile33337,series66662
user00007,profile33337,series66664
user00008,profile33338,series66661
user00008,profile33338,series66662
user00008,profile33338,series66665
user00009,profile33339,series66663
user00010,profile33340,series66662
user00010,profile33340,series66663
user00010,profile33340,series66664
user00010,profile33340,series66665
user00011,profile33341,series66661
user00012,profile33342,series66663
user00012,profile33342,series66664
user00012,profile33342,series66665
user00013,profile33343,series66661
user00013,profile33343,series66665
user00014,profile33344,series66665
user00015,profile33345,series66661
user00015,profile33345,series66662
user00015,profile33345,series66663
user00015,profile33345,series66664
user00015,profile33345,series66665